{"train_id": "2024_0423(1713808209)", "accuracy": 0.812, "hidden_size": [256, 64], "batch_size": 8, "learning_rate": 0.004, "regularization": "l2", "regular_strength": 0.01, "train_loss": [40746378.56242214, 5032078.904291187, 2800170.7428590837, 1983094.7296399951, 1540694.9633322237, 1279882.2400720916, 1111605.0056085493, 975073.1324412245, 868663.9951051978, 787635.4154197132, 721007.9215080892, 668760.0300385111, 621093.0367926252, 580159.8836493967, 547456.7284316567, 515917.40554370225, 488268.1688725342, 463261.41101052857, 440355.6918688364, 419825.75690404745, 401716.6265420753, 385567.27045930544, 369815.4170298565, 356193.53058013343, 343003.4018605344, 330919.60655405547, 319389.2354412926, 308666.3332370358, 298692.4944048424, 289111.1473320505, 280449.26674185507, 272024.753528118, 264032.4336550084, 256519.07534720155, 249484.49115745252, 242857.99778887717, 236551.25245273346, 230450.13550874917, 224752.78262756122, 219334.39112584168, 214119.80864244213, 209104.77145251472, 204498.26480618236, 199998.71742874174, 195696.61646770514, 191621.7317211766, 187625.89206459877, 183785.24463706402, 180097.043169627, 176569.67501701714, 173165.0949617888, 169923.92047118553, 166783.41896225992, 163722.4903731928, 160770.11496176332, 157926.14071061622, 155190.3387056417, 152542.564104339, 149980.04045241978, 147494.46258705735, 145081.79348448882, 142744.64955107198, 140498.35553871185, 138303.0636904928, 136178.03686474112, 134127.99410719704, 132142.01990411922, 130197.57850107625, 128307.7897448946, 126476.53743521587, 124702.32047275438, 122974.6395743987, 121290.02392303494, 119659.79574713293, 118069.34555003913, 116512.25419720873, 114995.33445734347, 113517.69261727422, 112076.93977101223, 110672.65964113493, 109304.79984581894, 107967.20941754145, 106662.46457369374, 105386.10302622378, 104147.34453654922, 102937.97337072894, 101751.16297344057, 100589.89467389867, 99454.33930049499, 98344.11087981437, 97258.46652102262, 96197.96950119513, 95159.58418109742, 94141.83888099568, 93145.51994482514, 92170.12232984931, 91215.80909000209, 90280.82879394975, 89362.9885667042, 88463.24170220639, 87585.6671055038, 86721.40646666648, 85873.10977034217, 85042.46375048372, 84226.02807562175, 83424.72907165308, 82639.03170447887, 81868.12469953163, 81111.54311190404, 80369.26949522956, 79639.1780078505, 78922.36804338325, 78218.04329302235, 77527.01754978637, 76847.52508079205, 76180.11187550951], "valid_metric": [0.09833333333333333, 0.09575, 0.10483333333333333, 0.3005833333333333, 0.15483333333333332, 0.10816666666666666, 0.4603333333333333, 0.47125, 0.48483333333333334, 0.46725, 0.6078333333333333, 0.44408333333333333, 0.56775, 0.5410833333333334, 0.57525, 0.6559166666666667, 0.6135, 0.48575, 0.5978333333333333, 0.6690833333333334, 0.5795, 0.73125, 0.6313333333333333, 0.7131666666666666, 0.723, 0.7149166666666666, 0.6525, 0.72925, 0.7424166666666666, 0.7241666666666666, 0.7508333333333334, 0.7281666666666666, 0.7234166666666667, 0.752, 0.7159166666666666, 0.7584166666666666, 0.7784166666666666, 0.78225, 0.72475, 0.7273333333333334, 0.7505, 0.7010833333333333, 0.77075, 0.7783333333333333, 0.7838333333333334, 0.7744166666666666, 0.7831666666666667, 0.783, 0.8029166666666666, 0.7798333333333334, 0.7556666666666667, 0.7756666666666666, 0.7673333333333333, 0.7848333333333334, 0.7764166666666666, 0.81025, 0.80125, 0.7905, 0.7983333333333333, 0.8098333333333333, 0.7945833333333333, 0.7858333333333334, 0.8115833333333333, 0.8111666666666667, 0.7684166666666666, 0.7633333333333333, 0.8051666666666667, 0.7974166666666667, 0.7959166666666667, 0.78475, 0.7310833333333333, 0.8048333333333333, 0.8091666666666667, 0.77075, 0.8013333333333333, 0.7908333333333334, 0.7973333333333333, 0.8228333333333333, 0.7920833333333334, 0.7936666666666666, 0.7895833333333333, 0.8141666666666667, 0.79825, 0.75075, 0.7084166666666667, 0.7783333333333333, 0.7878333333333334, 0.7980833333333334, 0.79775, 0.7685833333333333, 0.7620833333333333, 0.7606666666666667, 0.7581666666666667, 0.7903333333333333, 0.79025, 0.7755, 0.7970833333333334, 0.7575, 0.7724166666666666, 0.7625833333333333, 0.74375, 0.7325, 0.6654166666666667, 0.6985833333333333, 0.6880833333333334, 0.6533333333333333, 0.666, 0.6550833333333334, 0.653, 0.6274166666666666, 0.6073333333333333, 0.60525, 0.6049166666666667, 0.5974166666666667, 0.5680833333333334, 0.5461666666666667]}