{"train_id": "2024_0423(1713806930)", "accuracy": 0.8117, "hidden_size": [256, 64], "batch_size": 8, "learning_rate": 0.004, "regularization": "None", "regular_strength": 0, "train_loss": [28876510.27475246, 4242658.964831296, 2417555.2594760763, 1717136.7612820314, 1364172.2528446678, 1137042.4968438132, 974107.2546993189, 851987.9722954424, 767407.6122489459, 705965.2444074998, 648139.3627940975, 601784.363777641, 559002.4078135919, 524111.29468737094, 492920.8741505373, 464572.8768368795, 439529.55652043736, 416659.35570042284, 396636.7516244684, 377821.0789948151, 361435.60809621576, 346927.4608009306, 334089.38719433936, 321483.2962502458, 309757.15079725365, 298972.8715165988, 288693.40518818033, 278857.21574765706, 269827.81004724104, 261302.31155623513, 253587.60340174162, 246424.7949640573, 239285.5885748114, 232524.55783678737, 226242.8483962534, 220306.6953559026, 214543.81647909293, 208972.09630197196, 203824.85203903166, 198890.9199613184, 194163.17455862573, 189591.82823363197, 185469.35413861554, 181383.2685567123, 177445.58944043622, 173759.71085240025, 170138.06152670563, 166669.0618019337, 163330.43677928697, 160136.4237098288, 157065.9501271009, 154091.53967887512, 151242.18048322294, 148462.00745637625, 145781.45424317737, 143194.39768563592, 140716.14009281085, 138319.82602236405, 135997.2453226427, 133746.49672298736, 131562.0727674528, 129454.13835487918, 127406.70251481181, 125414.64141555267, 123491.40923749233, 121646.09950381932, 119847.9068251721, 118089.86487867101, 116380.68091835358, 114727.12844054423, 113121.84091338026, 111571.05997679027, 110044.9043611602, 108567.875196751, 107128.98665480764, 105720.15955753367, 104349.52582821099, 103010.8504190532, 101703.25055642026, 100430.27034252994, 99187.02829903674, 97974.79364131567, 96794.86369945049, 95638.87653332947, 94515.54592130057, 93420.0224688327, 92344.79250867503, 91290.06210464044, 90261.35790054301, 89255.85357078922, 88271.19943005266, 87310.51554676118, 86371.67991973794, 85450.23726992025, 84546.63257562573, 83662.7088235016, 82796.88774927577, 81949.07323519963, 81116.5517055498, 80300.6689324993, 79505.4633887428, 78721.81337305909], "valid_metric": [0.09833333333333333, 0.09575, 0.235, 0.10291666666666667, 0.37416666666666665, 0.2623333333333333, 0.42275, 0.4861666666666667, 0.28291666666666665, 0.4369166666666667, 0.55575, 0.603, 0.4414166666666667, 0.5934166666666667, 0.6100833333333333, 0.5550833333333334, 0.6195833333333334, 0.5580833333333334, 0.6351666666666667, 0.7029166666666666, 0.6074166666666667, 0.5125833333333333, 0.73475, 0.7180833333333333, 0.6181666666666666, 0.5285, 0.719, 0.6044166666666667, 0.74325, 0.70025, 0.6945833333333333, 0.7199166666666666, 0.738, 0.749, 0.6800833333333334, 0.768, 0.77225, 0.788, 0.7741666666666667, 0.76475, 0.76025, 0.7145, 0.7569166666666667, 0.7989166666666667, 0.8018333333333333, 0.7810833333333334, 0.77775, 0.7885, 0.7835833333333333, 0.8004166666666667, 0.7540833333333333, 0.7815833333333333, 0.7893333333333333, 0.8025, 0.79525, 0.8090833333333334, 0.7669166666666667, 0.7674166666666666, 0.7791666666666667, 0.8048333333333333, 0.78975, 0.77125, 0.8029166666666666, 0.8216666666666667, 0.73125, 0.76175, 0.8020833333333334, 0.7879166666666667, 0.7716666666666666, 0.7831666666666667, 0.72575, 0.8120833333333334, 0.7849166666666667, 0.8023333333333333, 0.79525, 0.77075, 0.78775, 0.8141666666666667, 0.8066666666666666, 0.81375, 0.8100833333333334, 0.79375, 0.7835833333333333, 0.7831666666666667, 0.75775, 0.7814166666666666, 0.7755833333333333, 0.7831666666666667, 0.779, 0.7723333333333333, 0.76175, 0.72575, 0.7775, 0.7886666666666666, 0.7511666666666666, 0.7789166666666667, 0.7388333333333333, 0.7729166666666667, 0.7775833333333333, 0.7765833333333333, 0.7705833333333333, 0.7381666666666666]}