{"train_id": "2024_0423(1713807562)", "accuracy": 0.8125, "hidden_size": [256, 64], "batch_size": 8, "learning_rate": 0.004, "regularization": "l2", "regular_strength": 0.1, "train_loss": [25575953.674900845, 3579052.119194062, 2000846.4787927512, 1436050.9425905, 1162164.0006744969, 971039.2062598657, 838422.1423118159, 743656.215105051, 667045.9191748775, 609381.4367153657, 562327.1679597887, 524960.9918755722, 486308.0495337197, 458331.4953193866, 431669.8679592159, 408818.1924432344, 386568.05634177907, 367309.6740134053, 350172.01140035834, 334434.2893350844, 320134.92590344296, 307306.7535876185, 295013.7711652778, 284313.0688567084, 274005.67738920805, 265255.534699854, 256479.87759651532, 248068.21843385065, 240194.01872863458, 232775.81745675782, 225910.74852318445, 219162.55807123214, 212889.3234742025, 206944.19225388163, 201602.18453115263, 196387.1292023799, 191391.01336431393, 186617.84950668644, 182129.38646835435, 177789.9897812934, 173619.5554986509, 169605.26819371252, 166042.17514417067, 162456.91406511265, 158981.79279834742, 155797.93897976298, 152628.153446251, 149563.03777501022, 146630.77892616056, 143782.4150264823, 141045.22484733287, 138417.9405983385, 135875.6378064167, 133390.7650119824, 131000.31360882254, 128704.50090786445, 126495.03833173864, 124358.26900004233, 122279.50352955103, 120268.93565582907, 118307.3782216983, 116423.90439614838, 114608.2614787581, 112828.13127857946, 111111.77892760234, 109456.19676652418, 107847.88195464485, 106268.63907022709, 104738.77020678432, 103251.951398092, 101815.65589773281, 100419.68062220044, 99054.07488680539, 97735.7717866158, 96447.67456296996, 95183.66120833428, 93953.8029469908, 92756.93274503273, 91591.59986190328, 90451.14740934891, 89335.38848197709, 88247.61194212029, 87188.993745504, 86149.62999860673, 85139.34568479414, 84153.71819087848, 83185.93857011524, 82238.95968355366, 81314.40425082642, 80409.39365780336, 79524.5276920106, 78660.46723673966, 77815.17499928482, 76985.6430806864, 76172.442983049, 75376.82567918884, 74597.08121695624, 73835.08015399311, 73087.6162647836, 72353.82628569832, 71635.67197254775, 70929.42653840658, 70237.01934422045, 69558.91556376795, 68892.76648528417], "valid_metric": [0.10266666666666667, 0.1885, 0.201, 0.113, 0.26125, 0.3225, 0.20341666666666666, 0.308, 0.3735, 0.42933333333333334, 0.52775, 0.5645, 0.42983333333333335, 0.5789166666666666, 0.5675833333333333, 0.68275, 0.5709166666666666, 0.6939166666666666, 0.6905, 0.6629166666666667, 0.5536666666666666, 0.6005, 0.6724166666666667, 0.7201666666666666, 0.7190833333333333, 0.6106666666666667, 0.6780833333333334, 0.75575, 0.7289166666666667, 0.7206666666666667, 0.74875, 0.7735833333333333, 0.7515833333333334, 0.7261666666666666, 0.6381666666666667, 0.7638333333333334, 0.7833333333333333, 0.7794166666666666, 0.7730833333333333, 0.7488333333333334, 0.7741666666666667, 0.6453333333333333, 0.7701666666666667, 0.7965, 0.783, 0.7891666666666667, 0.7476666666666667, 0.8161666666666667, 0.7945, 0.80125, 0.7476666666666667, 0.7893333333333333, 0.77475, 0.7750833333333333, 0.7753333333333333, 0.7955, 0.8049166666666666, 0.7955833333333333, 0.7675833333333333, 0.8029166666666666, 0.7615833333333333, 0.7765, 0.7816666666666666, 0.7724166666666666, 0.7183333333333334, 0.7625, 0.8185, 0.7953333333333333, 0.8015, 0.8123333333333334, 0.6839166666666666, 0.8015, 0.7703333333333333, 0.7751666666666667, 0.7434166666666666, 0.8145, 0.7459166666666667, 0.7904166666666667, 0.7954166666666667, 0.7986666666666666, 0.79675, 0.80125, 0.7595, 0.816, 0.7526666666666667, 0.7959166666666667, 0.81375, 0.777, 0.8108333333333333, 0.8049166666666666, 0.7620833333333333, 0.8093333333333333, 0.767, 0.7774166666666666, 0.8025833333333333, 0.8049166666666666, 0.8155, 0.7305, 0.7885, 0.77025, 0.788, 0.7165, 0.7813333333333333, 0.7943333333333333, 0.7719166666666667]}