{"train_id": "2024_0423(1713816056)", "accuracy": 0.8091, "hidden_size": [128, 64], "batch_size": 8, "learning_rate": 0.004, "regularization": "l2", "regular_strength": 0.1, "train_loss": [15499007.947701605, 2445641.462361861, 1354721.3867286365, 957478.7567552482, 763929.0465150204, 632920.4367745664, 539666.0143306638, 473327.1826770882, 420318.3405030859, 383776.6839659043, 352007.75519437256, 324961.840408245, 300597.016521327, 280605.83427204203, 263933.0837810641, 247943.10321193593, 234309.25859251022, 222945.7923250644, 212548.74569080147, 202711.82605057297, 193990.4760550037, 186154.83013904968, 178613.62517684413, 171740.97431696736, 165250.21061363159, 159208.07611206258, 153523.65779727272, 148259.79148749702, 143341.8788570679, 138683.4467685824, 134456.55404488556, 130409.2999730712, 126534.48799819035, 122882.09335990704, 119512.25504243697, 116348.80241854573, 113269.5687233585, 110325.2095272489, 107576.29995149391, 104929.67435234491, 102413.96001378285, 99992.31273634921, 97778.1229460282, 95598.7148259429, 93503.68634694947, 91529.48856356295, 89604.51221062987, 87778.0812335833, 86009.53854863942, 84304.94032578902, 82671.42676225906, 81094.48241204326, 79569.17790252896, 78094.93956851415, 76679.7895695228, 75316.70504490302, 74002.89337869389, 72734.18750601284, 71506.90610046074, 70314.53669985455, 69157.7002060199, 68040.89195991089, 66961.83122113327, 65908.71089261526, 64893.554372626604, 63913.81436446456, 62962.77202424823, 62034.33004654062, 61132.985738385076, 60256.422863069805, 59406.51058243247, 58581.64556375604, 57778.669793008245, 57000.21883917061, 56241.06083469181, 55500.031966290364, 54777.65299347466, 54073.69067488297, 53387.03724673253, 52716.0619452683, 52062.03541472626, 51423.96547860216, 50801.78978341389, 50193.401415158805, 49602.56321574209, 49025.493352632584, 48459.12757603987, 47905.93548682623, 47364.80118569815, 46836.10205775393, 46318.75376367201, 45813.238282982646, 45319.1225437134, 44834.61992710562, 44359.924579137, 43894.93528543945, 43439.51473501724, 42993.39149463305, 42555.77207796227, 42126.471579397155, 41706.66203468546, 41294.246279362094, 40889.814267617396, 40493.408121613815, 40104.37674028291, 39722.63040816076], "valid_metric": [0.103, 0.12816666666666668, 0.09975, 0.10375, 0.3744166666666667, 0.20675, 0.196, 0.37125, 0.36433333333333334, 0.4235, 0.4605, 0.57075, 0.6268333333333334, 0.6175833333333334, 0.6115, 0.6191666666666666, 0.46741666666666665, 0.47558333333333336, 0.5679166666666666, 0.6318333333333334, 0.66425, 0.6755833333333333, 0.62725, 0.6991666666666667, 0.7183333333333334, 0.656, 0.69775, 0.6905833333333333, 0.74975, 0.7275, 0.7321666666666666, 0.7171666666666666, 0.7806666666666666, 0.71125, 0.6803333333333333, 0.77225, 0.7885, 0.7984166666666667, 0.735, 0.7769166666666667, 0.72375, 0.72275, 0.7456666666666667, 0.7981666666666667, 0.7943333333333333, 0.7926666666666666, 0.7708333333333334, 0.80575, 0.7895, 0.7451666666666666, 0.7676666666666667, 0.7749166666666667, 0.8050833333333334, 0.797, 0.7610833333333333, 0.7938333333333333, 0.7918333333333333, 0.7624166666666666, 0.7746666666666666, 0.7998333333333333, 0.7898333333333334, 0.7800833333333334, 0.7879166666666667, 0.8033333333333333, 0.66725, 0.698, 0.7849166666666667, 0.8186666666666667, 0.78375, 0.795, 0.73375, 0.7645, 0.7576666666666667, 0.797, 0.7918333333333333, 0.7938333333333333, 0.77, 0.7661666666666667, 0.784, 0.8033333333333333, 0.8075, 0.8065, 0.7794166666666666, 0.8039166666666666, 0.7204166666666667, 0.7945, 0.7519166666666667, 0.7933333333333333, 0.7971666666666667, 0.79025, 0.7615833333333333, 0.75825, 0.7505, 0.7431666666666666, 0.7505833333333334, 0.73825, 0.7066666666666667, 0.67425, 0.6610833333333334, 0.6101666666666666, 0.5779166666666666, 0.5625833333333333, 0.565, 0.5311666666666667, 0.49491666666666667, 0.4746666666666667]}