{"train_id": "2024_0425(1713993322)", "accuracy": 0.8314, "hidden_size": [256], "batch_size": 8, "learning_rate": 0.004, "regularization": "l2", "regular_strength": 0.01, "train_loss": [328520.76406450063, 46197.95706803447, 28400.90732211781, 21332.771747298084, 17924.214050231607, 16162.89534203851, 15410.746214534222, 14212.930876468123, 13199.304052143887, 13125.750245560901, 12866.165989717541, 12308.920568428051, 11893.24591468466, 11504.328443369528, 11255.483798452311, 10987.384836109493, 10777.661454638941, 10739.414490142699, 10888.805018699282, 10943.69324517572, 10794.37720828312, 10783.339407736745, 10771.319054225572, 10778.538331486454, 10609.924015108789, 10619.199059298826, 10570.82638247281, 10438.846685452252, 10385.690916140074, 10457.9662620693, 10545.476542514982, 10439.74923879904, 10358.35045120862, 10262.39105438013, 10194.305622126873, 10185.24014986783, 10132.25960411453, 10140.081188996892, 10086.732600196376, 10003.894457648086, 9988.106281746857, 9866.205693178776, 9892.467137356107, 9868.078187208033, 9794.354985072825, 9952.30040388747, 9935.470436625466, 9966.449298037025, 9912.513458173813, 9866.138553121506, 9832.724016603546, 9858.745886905264, 9847.411270787534, 9780.348314760167, 9776.326574093673, 9736.784775690952, 9705.748395062892, 9630.407095278606, 9583.745458145379, 9516.422136616928, 9482.55492084144, 9475.24927298619, 9445.846133199531, 9373.236960679775, 9311.760066342458, 9314.22483817907, 9301.501987747517, 9234.039314946296, 9170.278861130164, 9119.733336098447, 9101.91018485283, 9074.74094192738, 9110.32078117332, 9140.013238883077, 9123.001386362435, 9080.982184353685, 9057.870180995644, 9014.255412930364, 9018.82030826593, 8978.123631484897, 8925.06775624971, 8884.069217694547, 8857.9236417805, 8809.068401044484, 8784.103561267877, 8776.919148787725, 8740.761342823298, 8691.526306748747, 8677.281540609429, 8646.035368760397, 8624.99675802381, 8630.403224406135, 8616.882240601051, 8591.020411611602, 8578.020901456388, 8571.810235698953, 8550.065533740697, 8532.718729802202, 8500.620059562088, 8470.875846486675, 8436.556138181635, 8424.909830094372, 8398.47846819307, 8385.607564896427, 8345.420080908816, 8320.77503126699, 8298.562107875285, 8264.454965807718, 8236.874740914142, 8202.95033198631, 8191.6467644132035, 8183.355105192762, 8167.982182421888, 8151.584654000215, 8143.654724824952, 8115.965672017507, 8078.946099636329, 8047.345796653307, 8030.186141124237, 8016.8493099202615, 3130.6746362968406, 5407.534933530248, 5404.251246441458, 5663.810219029354, 5335.992289124098, 5424.80862731228, 5438.469023220216, 5374.480045397882, 5379.458957766044, 5480.90696178436, 5512.6810089025885, 5398.697246057245, 5233.539568346598, 5381.766822433621, 5456.3478907509625, 5409.299259518391, 5347.876532756072, 5267.902510605457, 5225.400448547545, 5189.224382100318, 5205.276506822806, 5156.344711014385, 5114.863539556785, 5092.891695537481, 5119.669692382809, 5109.5757409044545, 5062.658975447558, 5037.508492641828, 5006.513665677756, 4995.609846798861, 4986.856730962752, 4970.72695963586, 4928.706868297528, 4877.087976216337, 4880.777329006499, 4872.072518777781, 4849.608307089035, 4821.123756780404, 4778.162834607115, 4770.899900475701, 4730.28422486356, 4687.6331842969585, 4718.41602207716, 4718.287756561542, 4705.413792931219, 4718.314683328889, 4707.683254153359, 4689.2327436323985, 4670.186813078723, 4648.12226395592, 4635.070473240019, 4613.29734572192, 4585.708847658743, 4545.770852081891, 4513.917215772051, 4486.684352716422, 4481.919354580217, 4456.2232358980855, 4418.673032977662, 4386.474348776514, 4348.896457007263, 4335.502335043824, 4315.934924791401, 4273.121080802765, 4243.047107241802, 4229.771605017558, 4206.684761679579, 4175.472732972928, 889.2618265191777, 2864.1205590706136, 2824.039791154852, 2915.630067126543, 2987.412181457678, 2848.898440108476, 2825.812920887903, 2829.632897670314, 2818.807573891807, 2758.9757595176147, 2721.115630135747, 2687.956150239674, 2570.4433075208744, 2552.5584234293815, 2521.7112498094034, 2471.4639200787483, 2446.7100138930223, 2422.687062987909, 2387.1245241655497, 2345.4611757183916, 2340.653541228665, 2311.292346665721, 2278.568769935203, 2258.244264938849, 2233.0384299276193, 2215.2725546024053, 2193.1861987928987, 2166.955448272821, 2157.526454523075, 2141.2541976241346, 2119.891755655279, 2101.6224256386918, 2083.78809243836, 2062.3137991513277, 2057.557243277372, 2041.4871337358145, 2035.192823545033, 2019.335459558612, 2389.4601244397727, 1416.6390961911004, 1564.532340673176, 1544.7163019161715, 1512.0432815522358, 1404.1365814190349, 1366.9317662353194, 1355.7613297261023, 1309.7030295507002, 1307.435031648111, 1300.9919786608725, 1293.2065019816666, 1233.3043327360142, 1225.8563128386993, 1219.7601554666749, 1192.8038444438557, 1165.8891397510713, 1151.9948566877858, 1130.3183913991743, 1106.8029440928033, 1113.2237329234329, 1093.607511863415, 1080.2428383483746, 1064.0823875063215, 1058.0336738810922, 1046.6364964421166, 1025.898529774528, 1009.732254034401, 994.7897653564936, 977.2540059753619, 966.471722615069, 957.5495404264483, 944.8455730550812, 930.4803046795785, 919.1139125046385, 907.1798110742361, 897.8626090055589, 883.875132885347, 872.829212452363, 862.3715773262952, 850.9692408252721, 838.1443553467303, 830.6039373585934, 819.8991890216031, 809.1898190274038, 800.0769614198324, 787.6207325374344, 775.359442283051, 765.752738314103, 755.2293234264234, 744.7831760094216, 734.5141751019111, 724.019064420475, 713.0891460568023, 703.3761998259218],