{"train_id": "2024_0426(1714116650)", "accuracy": 0.8365, "hidden_size": [128], "batch_size": 16, "learning_rate": 0.004, "regularization": "l2", "regular_strength": 0.001, "train_loss": [271391.90027384955, 29343.52082179414, 16139.81852508656, 11660.714939817297, 9417.061598690583, 8089.572758319762, 7031.512207118734, 6367.955842576967, 5829.508791324553, 5603.809170159644, 5337.208809999612, 5237.9224435310625, 5055.052930572118, 4863.193912473324, 4664.244512630597, 4582.622008430544, 4505.6991815939555, 4425.910078358845, 4362.616442426015, 4291.97991161015, 4215.653500605551, 4120.705186529256, 4038.9769379702398, 4004.9851418360195, 3940.6130339377773, 3880.0605728726982, 3832.7431566275786, 3778.734775860473, 3727.2101412178154, 3684.493481847403, 3646.107121164265, 3625.495685421421, 3576.0196420979855, 3549.2953020261825, 3516.8350140391235, 3474.71471405475, 3453.3134780361356, 3433.092798930314, 3410.8815183702477, 3398.774858805712, 3388.6560203855815, 3357.7741905941093, 3340.2144861714605, 3319.679757955724, 3294.384214099398, 3269.0819003354763, 3262.7632901577053, 3242.8723576126745, 3238.9833685733433, 3229.426547009515, 3224.9740024561775, 3212.8627206348124, 3199.4331777515436, 3188.17118966524, 3173.5327820981943, 3169.9950049860577, 3157.5994326116693, 3159.6333830036915, 3150.4075274378997, 3138.890598295095, 3090.5033710990465, 3164.570069742738, 2891.3496203926284, 2538.05900574006, 2643.521700565665, 2752.878556606535, 2598.993855215428, 2545.1513047552107, 2636.1846008814023, 2700.229949056834, 2675.232687351403, 2599.1997467020356, 2570.7918338095155, 2539.4181563408292, 2493.13544118194, 2504.383943094872, 2653.5808763414607, 2678.9687970754285, 2645.9525472982414, 2645.569004922029, 2620.295031166483, 2622.050812437452, 2607.633916077673, 2593.5945939345147, 2576.115725196265, 2562.2852961817844, 2539.1953547443636, 2525.396683367999, 2525.542891064682, 2507.9064967152317, 2501.275846711786, 2505.225936982103, 2474.258935211953, 2455.74642871987, 2444.979043101486, 2431.6112084606625, 2426.17676774518, 2428.522885500965, 2415.34350510852, 2432.173950825839, 2443.993587432775, 2425.8197064771794, 4398.20764207984, 2666.7956343476317, 2790.2834802423326, 2492.5506964987485, 2425.806061095285, 2386.2750209729347, 2307.708043204244, 2278.8442188964173, 2197.4584507913123, 2274.168552423211, 2291.276170753598, 2283.4959860156328, 2269.688936046587, 2232.2066121539115, 2179.327365905509, 2164.5269156874633, 2236.8210794818365, 2232.263046705737, 2259.2674330255686, 2258.434013539018, 2245.723075926034, 2226.8437779809406, 2211.0073556593775, 2201.2038013615966, 2182.2982438954364, 2168.1898271055893, 2158.526714373187, 2139.1064041307036, 2115.148839292571, 2102.0245029126054, 2067.252683087003, 2056.3027521682397, 2033.1508712285986, 2021.820193850937, 2002.56275808675, 2000.1314006342395, 1993.3322380509392, 1984.0357861634072, 1975.0844068268818, 1975.279684961484, 1975.6405089133048, 1971.7019371007154, 1959.4256412055345, 1951.609035228811, 1940.5126740982273, 1937.209366304325, 1939.51888585739, 1935.204664381894, 1922.9045308436264, 1911.5734530954428, 1902.8293875762813, 1906.2480385315012, 1911.5454398473325, 1909.7143614492188, 1906.6570809583711, 1897.2659000942817, 1894.365674595102, 1902.1499965573441, 1894.56630983389, 1887.8890687862038, 5011.232117233692, 1917.7458074387396, 1673.7584116643566, 1500.0801341724386, 1429.7735071344332, 1509.5793631830365, 1440.3590758781795, 1409.8139503897269, 1367.7476570830597, 1376.1971051948317, 1403.8013760408226, 1398.497277385114, 1402.822607877215, 1384.549054983759, 1377.9777489091107, 1373.249618995053, 1391.2038240763268, 1421.7612907410107, 1405.9149874135471, 1398.4331562551506, 1391.849723157514, 1383.1387393106017], "valid_metric": [0.103, 0.4865833333333333, 0.5430833333333334, 0.6273333333333333, 0.5774166666666667, 0.5545833333333333, 0.6436666666666667, 0.5576666666666666, 0.6441666666666667, 0.7065833333333333, 0.6286666666666667, 0.7330833333333333, 0.7299166666666667, 0.71225, 0.6495833333333333, 0.6819166666666666, 0.7309166666666667, 0.6515833333333333, 0.6866666666666666, 0.7301666666666666, 0.7115, 0.73725, 0.7335833333333334, 0.72725, 0.7310833333333333, 0.7500833333333333, 0.7430833333333333, 0.7259166666666667, 0.7629166666666667, 0.65325, 0.6476666666666666, 0.73275, 0.6026666666666667, 0.6565, 0.7515, 0.7501666666666666, 0.79475, 0.648, 0.77225, 0.59475, 0.7551666666666667, 0.6714166666666667, 0.7351666666666666, 0.7513333333333333, 0.7670833333333333, 0.7110833333333333, 0.66875, 0.7705833333333333, 0.73625, 0.7201666666666666, 0.7365833333333334, 0.8023333333333333, 0.7445, 0.7683333333333333, 0.74275, 0.7340833333333333, 0.7555833333333334, 0.748, 0.7565833333333334, 0.79875, 0.7583333333333333, 0.7594166666666666, 0.7928333333333333, 0.7884166666666667, 0.7886666666666666, 0.702, 0.7776666666666666, 0.7685, 0.6839166666666666, 0.73325, 0.7765, 0.8045833333333333, 0.7881666666666667, 0.7715, 0.7819166666666667, 0.7363333333333333, 0.6416666666666667, 0.75875, 0.7983333333333333, 0.7725, 0.7491666666666666, 0.77075, 0.81125, 0.7975, 0.7915, 0.7845833333333333, 0.69925, 0.7551666666666667, 0.7321666666666666, 0.7729166666666667, 0.696, 0.7974166666666667, 0.776, 0.81025, 0.7540833333333333, 0.7043333333333334, 0.71775, 0.7788333333333334, 0.8106666666666666, 0.7954166666666667, 0.7705, 0.7369166666666667, 0.7435, 0.7029166666666666, 0.7493333333333333, 0.8116666666666666, 0.80925, 0.7641666666666667, 0.73125, 0.7695833333333333, 0.7889166666666667, 0.72975, 0.78975, 0.7809166666666667, 0.7848333333333334, 0.7858333333333334, 0.82325, 0.7891666666666667, 0.6885833333333333, 0.7585833333333334, 0.7440833333333333, 0.7531666666666667, 0.80225, 0.7659166666666667, 0.808, 0.8178333333333333, 0.7953333333333333, 0.69825, 0.8145833333333333, 0.7916666666666666, 0.772, 0.8281666666666667, 0.8036666666666666, 0.7765, 0.7429166666666667, 0.82375, 0.71875, 0.64575, 0.7890833333333334, 0.7725, 0.7596666666666667, 0.7905, 0.713, 0.8039166666666666, 0.8045, 0.8033333333333333, 0.8090833333333334, 0.747, 0.7559166666666667, 0.83125, 0.76875, 0.7785833333333333, 0.7684166666666666, 0.7946666666666666, 0.8025833333333333, 0.7659166666666667, 0.78825, 0.8069166666666666, 0.7729166666666667, 0.7003333333333334, 0.8095833333333333, 0.827, 0.7755, 0.79425, 0.8466666666666667, 0.8284166666666667, 0.8348333333333333, 0.7535, 0.7861666666666667, 0.7946666666666666, 0.804, 0.7328333333333333, 0.7815833333333333, 0.82, 0.82375, 0.7943333333333333, 0.7791666666666667, 0.8225833333333333, 0.6685833333333333, 0.7698333333333334, 0.7878333333333334, 0.7518333333333334, 0.8018333333333333, 0.7876666666666666]}